八千代緑が丘,やちよみどりがおか,YachiyoMidorigaoka
元町・中華街,もとまち・ちゅかがい,MotomachiChukagai
萩山,はぎやま,Hagiyama
拝島,はいじま,Haijima
東大和市,ひがしやまとし,HigashiYamatoshi
小平,こだいら,Kodaira
鳩ヶ谷,はとがや,Hatogaya
武蔵砂川,むさしすながわ,MusashiSunagawa
小川,おがわ,Ogawa
西武立川,せいぶたちかわ,SeibuTachikawa
玉川上水,たまがわじょすい,TamagawaJosui
吾野,あがの,Agano
秋津,あきつ,Akitsu
仏子,ぶし,Bushi
江古田,えこだ,Ekoda
富士見台,ふじみだい,Fujimidai
飯能,はんのう,Hanno
ひばりヶ丘,ひばりがおか,Hibarigaoka
東吾野,ひがしあがの,HigashiAgano
東飯能,ひがしはんのう,HigashiHanno
東久留米,ひがしくるめ,HigashiKurume
東長崎,ひがしながさき,HigashiNagasaki
保谷,ほうや,Hoya
池袋,いけぶくろ,Ikebukuro
稲荷山公園,いなりやまこえん,InariyamaKoen
入間市,いるまし,Irumashi
清瀬,きよせ,Kiyose
高麗,こま,Koma
小手指,こてさし,Kotesashi
元加治,もとかじ,Motokaji
武蔵藤沢,むさしふじさわ,MusashiFujisawa
武蔵横手,むさしよこて,MusashiYokote
中村橋,なかむらばし,Nakamurabashi
練馬高野台,ねりまたかのだい,NerimaTakanodai
練馬,ねりま,Nerima
西所沢,にしところざわ,NishiTokorozawa
大泉学園,おおいずみがくえん,OizumiGakuen
桜台,さくらだい,Sakuradai
狭山ヶ丘,さやまがおか,Sayamagaoka
石神井公園,しゃくじいうこえん,ShakujiiKoen
椎名町,しいなまち,Shiinamachi
所沢,ところざわ,Tokorozawa
東村山,ひがしむらやま,HigashiMurayama
恋ヶ窪,こいがくぼ,Koigakubo
国分寺,こくぶんじ,Kokubunji
鷹の台,たかのだい,Takanodai
西武球場前,せいぶきゅじょうまえ,SeibukyujoMae
下山口,しもやまぐち,ShimoYamaguchi
芦ヶ久保,あしがくぼ,Ashigakubo
西吾野,にしあがの,NishiAgano
西武秩父,せいぶちちぶ,SeibuChichibu
正丸,しょうまる,Shomaru
横瀬,よこぜ,Yokoze
小竹向原,こたけむかいはら,KotakeMukaihara
新桜台,しんさくらだい,ShinSakuradai
西武園,せいぶえん,Seibuen
新井薬師前,あらいやくしまえ,AraiyakushiMae
花小金井,はなこがねい,HanaKoganei
東伏見,ひがしふしみ,HigashiFushimi
本川越,ほんかわごえ,HonKawagoe
井荻,いおぎ,Iogi
入曽,いりそ,Iriso
上井草,かみいぐさ,KamiIgusa
上石神井,かみしゃくじい,KamiShakujii
航空公園,こうくうこうえん,KokuKoen
久米川,くめがわ,Kumegawa
南大塚,みなみおおつか,MinamiOtsuka
武蔵関,むさしせき,MusashiSeki
中井,なかい,Nakai
野方,のがた,Nogata
沼袋,ぬまぶくろ,Numabukuro
鷺ノ宮,さぎのみや,Saginomiya
狭山市,さやまし,Sayamashi
西武新宿,せいぶしんじゅく,SeibuShinjuku
西武柳沢,せいぶやぎさわ,SeibuYagisawa
下井草,しもいぐさ,ShimoIgusa
下落合,しもおちあい,ShimoOchiai
新狭山,しんさやま,ShinSayama
新所沢,しんところざわ,ShinTokorozawa
高田馬場,たかだのばば,Takadanobaba
田無,たなし,Tanashi
都立家政,とりつかせい,ToritsuKasei
是政,これまさ,Koremasa
競艇場前,きょうていじょまえ,KyoteijoMae
武蔵境,むさしさかい,MusashiSakai
新小金井,しんこがねい,ShinKoganei
白糸台,しらいとだい,Shiraitodai
多磨,たま,Tama
一橋学園,ひとつばしがくえん,HitotsubashiGakuen
武蔵大和,むさしやまと,MusashiYamato
青梅街道,おうめかいどう,OmeKaido
西武遊園地,せいぶゆえんち,SeibuYuenchi
八坂,やさか,Yasaka
豊島園,としまえん,Toshimaen
浦和美園,うらわみその,UrawaMisono
遊園地西,ゆうえんちにし,YuenchiNishi
芝山千代田,しばやまちよだ,ShibayamaChiyoda
松戸,まつど,Matsudo
東葉勝田台,とうようかつただい,ToyoKatsutadai
会津高原尾瀬口,あいずこうげんおぜぐち,AizukogenOzeguchi
会津田島,あいずたじま,AizuTajima
三峰口,みつみねぐち,Mitsumineguchi
長瀞,ながとろ,Nagatoro
河口湖,かわぐちこ,Kawaguchiko
修善寺,しゅぜんじ,Shuzenji
伊豆高原,いずこげん,Izukogen
伊豆急下田,いずきゅうしもだ,IzukyuShimoda
青海,あおみ,Aomi
有明テニスの森,ありあけてにすのもり,AriakeTennisNoMori
有明,ありあけ,Ariake
台場,だいば,Daiba
船の科学館,ふねのかがくかん,FuneNoKagakukan
日の出,ひので,Hinode
国際展示場正門,こくさいてんじじょうせいもん,KokusaiTenjijoSeimon
お台場海浜公園,おだいばかいひんこえん,OdaibaKaihinkoen
芝浦ふ頭,しばうらふとう,ShibauraFuto
市場前,しじょうまえ,ShijoMae
新橋,しんばし,Shimbashi
新豊洲,しんとよす,ShinToyosu
汐留,しおどめ,Shiodome
竹芝,たけしば,Takeshiba
テレコムセンター,てれこむ せんたー,Telecom Center
豊洲,とよす,Toyosu
新柴又,しんしばまた,ShinShibamata
箱根湯本,はこねゆもと,HakoneYumoto
御殿場,ごてんば,Gotemba
沼津,ぬまず,Numazu
戸部,とべ,Tobe
穴守稲荷,あなもりいなり,AnamoriInari
羽田空港国内線ターミナル,はねだくうこうこくないせんたーみなる,Haneda Airport Domestic Terminal
川崎大師,かわさきだいし,Kawasakidaishi
羽田空港国際線ターミナル,はねだくうこうこくさいせんたーみなる,Haneda Airport International Terminal
京急蒲田,けいきゅうかまた,KeikyuKamata
糀谷,こうじや,Kojiya
大鳥居,おおとりい,Otorii
鈴木町,すずきちょう,Suzukicho
天空橋,てんくうばし,Tenkubashi
東門前,ひがしもんぜん,Higashimonzen
京急川崎,けいきゅかわさき,KeikyuKawasaki
小島新田,こじましんでん,Kojimashinden
港町,みなとちょ,Minatocho
産業道路,さんぎょどろ,Sangyodoro
堀ノ内,ほりのうち,Horinouchi
京急久里浜,けいきゅうくりはま,KeikyuKurihama
京急長沢,けいきゅうながさわ,KeikyuNagasawa
北久里浜,きたくりはま,Kitakurihama
三崎口,みさきぐち,Misakiguchi
三浦海岸,みうらかいがん,Miurakaigan
新大津,しんおおつ,Shinotsu
津久井浜,つくいはま,Tsukuihama
YRP野比,YRP のび,YRP Nobi
安針塚,あんじんずか,Anjinzuka
青物横丁,あおものよこちょう,AomonoYokocho
屏風浦,びょぶがうら,Byobugaura
弘明寺,ぐみょじ,Gumyoji
八丁畷,はっちょうなわて,HatchoNawate
平和島,へいわじま,Heiwajima
逸見,へみ,Hemi
日ノ出町,ひのでちょ,Hinodecho
井土ヶ谷,いどがや,Idogaya
花月園前,かげつえんまえ,KagetsuenMae
上大岡,かみおおか,Kamiooka
神奈川新町,かながわしんまち,KanagawaShimmachi
神奈川,かながわ,Kanagawa
金沢文庫,かなざわぶんこ,KanazawaBunko
金沢八景,かなざわはっけい,KanazawaHakkei
京急大津,けいきゅうおおつ,KeikyuOtsu
北品川,きたしながわ,Kitashinagawa
京急新子安,けいきゅうしんこやす,KeikyuShinkoyasu
京急田浦,けいきゅうたうら,KeikyuTaura
追浜,おっぱま,Oppama
京急富岡,けいきゅうとみおか,KeikyuTomioka
鮫洲,さめず,Samezu
京急鶴見,けいきゅうつるみ,KeikyuTsurumi
県立大学,けんりつだいがく,Kenritsudaigaku
黄金町,こがねちょ,Koganecho
子安,こやす,Koyasu
馬堀海岸,まぼりかいがん,Maborikaigan
南太田,みなみおた,Minamiota
仲木戸,なかきど,Nakakido
生麦,なまむぎ,Namamugi
能見台,のうけんだい,Nokendai
大森海岸,おおもりかいがん,Omorikaigan
大森町,おおもりまち,Omorimachi
六郷土手,ろくごうどて,Rokugodote
泉岳寺,せんがくじ,Sengakuji
新馬場,しんばんば,Shimbamba
品川,しながわ,Shinagawa
汐入,しおいり,Shioiri
杉田,すぎた,Sugita
立会川,たちあいがわ,Tachiaigawa
鶴見市場,つるみいちば,TsurumiIchiba
梅屋敷,うめやしき,Umeyashiki
浦賀,うらが,Uraga
横浜,よこはま,Yokohama
横須賀中央,よこすかちゅうおう,YokosukaChuo
雑色,ぞうしき,Zoshiki
神武寺,じんむじ,Jimmuji
六浦,むつうら,Mutsuura
新逗子,しんずし,Shinzushi
国際展示場,こくさいてんじじょう,KokusaiTenjijo
大井町,おおいまち,Oimachi
大崎,おおさき,Osaki
新木場,しんきば,ShinKiba
品川シーサイド,しながわしーさいど,Shinagawa Seaside
東雲,しののめ,Shinonome
天王洲アイル,てんのうずあいる,Tennozu Isle
東京テレポート,とうきょうてれぽーと,Tokyo Teleport
検見川,けみがわ,Kemigawa
千葉中央,ちばちゅうおう,ChibaChuo
梶が谷,かじがや,Kajigaya
京成千葉,けいせいちば,KeiseiChiba
京成稲毛,けいせいいなげ,KeiseiInage
京成幕張本郷,けいせいまくはりほんごう,KeiseiMakuharihongo
京成幕張,けいせいまくはり,KeiseiMakuhari
京成津田沼,けいせいつだぬま,KeiseiTsudanuma
みどり台,みどりだい,Midoridai
西登戸,にしのぶと,NishiNobuto
新千葉,しんちば,ShinChiba
千葉寺,ちばでら,Chibadera
ちはら台,ちはらだい,Chiharadai
学園前,がくえんまえ,Gakuemmae
大森台,おおもりだい,Omoridai
おゆみ野,おゆみの,Oyumino
高松,たかまつ,Takamatsu
東成田,ひがしなりた,HigashiNarita
京成成田,けいせいなりた,KeiseiNarita
京成金町,けいせいかなまち,KeiseiKanamachi
京成高砂,けいせいたかさご,KeiseiTakasago
溝の口,みぞのくち,Mizonokuchi
柴又,しばまた,Shibamata
青砥,あおと,Aoto
大神宮下,だいじんぐした,Daijingushita
江戸川,えどがわ,Edogawa
船橋競馬場,ふなばしけいばじょう,Funabashikeibajo
東中山,ひがしなかやま,HigashiNakayama
堀切菖蒲園,ほりきりしょうぶえん,Horikirishobuen
市川真間,いちかわまま,Ichikawamama
海神,かいじん,Kaijin
勝田台,かつただい,Katsutadai
京成船橋,けいせいふなばし,KeiseiFunabashi
京成小岩,けいせいこいわ,KeiseiKoiwa
京成中山,けいせいなかやま,KeiseiNakayama
京成西船,けいせいにしふな,KeiseiNishifuna
藤が丘,ふじがおか,Fujigaoka
京成大久保,けいせいおおくぼ,KeiseiOkubo
京成大和田,けいせいおわだ,KeiseiOwada
京成佐倉,けいせいさくら,KeiseiSakura
京成関屋,けいせいせきや,KeiseiSekiya
京成酒々井,けいせいしすい,KeiseiShisui
公津の杜,こうずのもり,Kozunomori
京成上野,けいせいうえの,KeiseiUeno
京成臼井,けいせいうすい,KeiseiUsui
京成八幡,けいせいやわた,KeiseiYawata
国府台,このだい,Konodai
赤坂,あかさか,Akasaka
町屋,まちや,Machiya
実籾,みもみ,Mimomi
成田空港,なりたくうこう,Narita Airport Terminal 1
空港第２ビル,くうこうだいにびる,Narita Airport Terminal 2 and 3
日暮里,にっぽり,Nippori
菅野,すがの,Sugano
お花茶屋,おはなじゃや,Ohanajaya
鬼越,おにごえ,Onigoe
大佐倉,おおさくら,Osakura
千住大橋,せんじゅおはし,Senjuohashi
新三河島,しんみかわしま,ShimMikawashima
志津,しず,Shizu
宗吾参道,そうごさんどう,Sogosando
八千代台,やちよだい,Yachiyodai
谷津,やつ,Yatsu
ユーカリが丘,ゆーかりがおか,Yukarigaoka
出雲市,いずもし,Izumoshi
千葉ニュータウン中央,ちばにゅーたうん,Chiba New Town Chuo
東松戸,ひがしまつど,HigashiMatsudo
印旛日本医大,いんばにほんいだい,ImbaNihonIdai
成田湯川,なりたゆかわ,NaritaYukawa
新鎌ヶ谷,しんかまがや,ShinKamagaya
長津田,ながつた,Nagatsuta
京成曳舟,けいせいひきふね,KeiseiHikifune
京成立石,けいせいたていし,KeiseiTateishi
押上(スカイツリー前),おしあげ,Oshiage
八広,やひろ,Yahiro
四ツ木,よつぎ,Yotsugi
綾瀬,あやせ,Ayase
日比谷,ひびや,Hibiya
霞ケ関,かすみがせき,Kasumigaseki
大洗,おおあらい,Oarai
北綾瀬,きたあやせ,KitaAyase
北千住,きたせんじゅ,KitaSenju
乃木坂,のぎざか,Nogizaka
国会議事堂前,こっかいぎじどうまえ,KokkaiGijidomae
明治神宮前〈原宿〉,めいじじんぐうまえ,MeijiJingumae
根津,ねず,Nezu
二重橋前,にじゅうばしまえ,Nijubashimae
西日暮里,にしにっぽり,NishiNippori
表参道,おもてさんどう,OmoteSando
大手町,おおてまち,Otemachi
千駄木,せんだぎ,Sendagi
新御茶ノ水,しんおちゃのみず,ShinOchanomizu
代々木公園,よよぎこうえん,YoyogiKoen
代々木上原,よよぎうえはら,YoyogiUehara
湯島,ゆしま,Yushima
地下鉄赤塚,ちかてつあかつか,ChikatetsuAkatsuka
鷺沼,さぎぬま,Saginuma
地下鉄成増,ちかてつなります,ChikatetsuNarimasu
平和台,へいわだい,Heiwadai
若林,わかばやし,Wakabayashi
稲荷町,いなりちょう,Inaricho
東新宿,ひがししんじゅく,HigashiShinjuku
氷川台,ひかわだい,Hikawadai
中野,なかの,Nakano
要町,かなめちょう,Kanamecho
北参道,きたさんどう,KitaSando
西早稲田,にしわせだ,NishiWaseda
千川,せんかわ,Senkawa
渋谷,しぶや,Shibuya
新宿三丁目,しんじゅくさんちょうめ,ShinjukuSanchome
和光市,わこうし,Wakoshi
雑司が谷,ぞうしがや,Zoshigaya
赤坂見附,あかさかみつけ,AkasakaMitsuke
青山一丁目,あおやまいっちょめ,AoyamaItchome
浅草,あさくさ,Asakusa
外苑前,がいえんまえ,Gaiemmae
銀座,ぎんざ,Ginza
小野,おの,Ono
神田,かんだ,Kanda
京橋,きょうばし,Kyobashi
三越前,みつこしまえ,Mitsukoshimae
荻窪,おぎくぼ,Ogikubo
田原町,たわらまち,Tawaramachi
日本橋,にほんばし,Nihombashi
駒沢大学,こまざわだいがく,KomazawaDaigaku
辰巳,たつみ,Tatsumi
末広町,すえひろちょう,Suehirocho
溜池山王,ためいけさんのう,TameikeSanno
虎ノ門,とらのもん,Toranomon
上野広小路,うえのひろこじ,UenoHirokoji
上野,うえの,Ueno
半蔵門,はんぞうもん,Hanzomon
神保町,じんぼうちょう,Jimbocho
錦糸町,きんしちょう,Kinshicho
清澄白河,きよすみしらかわ,KiyosumiShirakawa
九段下,くだんした,Kudanshita
永田町,ながたちょう,Nagatacho
押上〈スカイツリー前〉,おしあげ,Oshiage
水天宮前,すいてんぐうまえ,Suitengumae
住吉,すみよし,Sumiyoshi
秋葉原,あきはばら,Akihabara
恵比寿,えびす,Ebisu
八丁堀,はっちょうぼり,Hatchobori
東銀座,ひがしぎんざ,HigashiGinza
広尾,ひろお,HiroO
利府,りふ,Rifu
入谷,いりや,Iriya
神谷町,かみやちょう,Kamiyacho
茅場町,かやばちょう,Kayabacho
小伝馬町,こでんまちょう,Kodemmacho
二子新地,ふたこしんち,FutakoShinchi
東大前,とうだいまえ,Todaimae
中央林間,ちゅうおうりんかん,ChuoRinkan
南千住,みなみせんじゅ,MinamiSenju
三ノ輪,みのわ,Minowa
中目黒,なかめぐろ,NakaMeguro
仲御徒町,なかおかちまち,NakaOkachimachi
神楽坂,かぐらざか,Kagurazaka
王子神谷,おおじかみや,OjiKamiya
人形町,にんぎょうちょう,Ningyocho
六本木,ろっぽんぎ,Roppongi
築地,つきじ,Tsukiji
淡路町,あわじちょう,Awajicho
東高円寺,ひがしこうえんじ,HigashiKoenji
本郷三丁目,ほんごうさんちょうめ,HongoSanchome
後楽園,こうらくえん,Korakuen
南阿佐ケ谷,みなみあさがや,MinamiAsagaya
茗荷谷,みょうがだに,Myogadani
中野坂上,なかのさかうえ,NakanoSakaue
西新宿,にししんじゅく,NishiShinjuku
御茶ノ水,おちゃのみず,Ochanomizu
新高円寺,しんこうえんじ,ShinKoenji
新中野,しんなかの,ShinNakano
新大塚,しんおおつか,ShinOtsuka
新宿御苑前,しんじゅくぎょえんまえ,ShinjukuGyoemmae
新宿,しんじゅく,Shinjuku
東京,とうきょう,Tokyo
四谷三丁目,よつやさんちょうめ,YotsuyaSanchome
目黒,めぐろ,Meguro
四ツ谷,よつや,Yotsuya
方南町,ほうなんちょう,Honancho
中野富士見町,なかのふじみちょう,NakanoFujimicho
中野新橋,なかのしんばし,NakanoShimbashi
赤羽岩淵,あかばねいわぶち,AkabaneIwabuchi
印西牧の原,いんざいまきのはら,InzaiMakinohara
麻布十番,あざぶじゅうばん,AzabuJuban
本駒込,ほんこまごめ,HonKomagome
市ケ谷,いちがや,Ichigaya
飯田橋,いいだばし,Iidabashi
駒込,こまごめ,Komagome
西ケ原,にしがはら,Nishigahara
王子,おじ,Oji
六本木一丁目,ろっぽんぎいっちょうめ,RoppongiItchome
志茂,しも,Shimo
白金高輪,しろかねたかなわ,ShirokaneTakanawa
白金台,しろかねだい,Shirokanedai
原木中山,ばらきなかやま,BarakiNakayama
行徳,ぎょうとく,Gyotoku
葛西,かさい,Kasai
南町田,みなみまちだ,MinamiMachida
妙典,みょうでん,Myoden
木場,きば,Kiba
南行徳,みなみぎょうとく,MinamiGyotoku
南砂町,みなみすなまち,MinamiSunamachi
門前仲町,もんぜんなかちょう,MonzenNakacho
宮前平,みやまえだいら,Miyamaedaira
西船橋,にしふなばし,NishiFunabashi
西葛西,にしかさい,NishiKasai
落合,おちあい,Ochiai
池尻大橋,いけじりおはし,Ikejiriohashi
江田,えだ,Eda
竹橋,たけばし,Takebashi
東陽町,とうようちょう,Toyocho
浦安,うらやす,Urayasu
早稲田,わせだ,Waseda
宮崎台,みやざきだい,Miyazakidai
江戸川橋,えどがわばし,Edogawabashi
銀座一丁目,ぎんざいっちょうめ,GinzaItchome
護国寺,ごこくじ,Gokokuji
東池袋,ひがしいけぶくろ,HigashiIkebukuro
麹町,こうじまち,Kojimachi
桜田門,さくらだもん,Sakuradamon
新富町,しんとみちょう,Shintomicho
月島,つきしま,Tsukishima
有楽町,ゆうらくちょう,Yurakucho
二子玉川,ふたこたまがわ,FutakoTamagawa
市が尾,いちがお,Ichigao
青葉台,あおばだい,Aobadai
あざみ野,あざみの,Azamino
桜新町,さくらしんまち,SakuraShimmachi
三軒茶屋,さんげんじゃや,SangenJaya
宮の坂,みやのさか,Miyanosaka
すずかけ台,すずかけだい,Suzukakedai
高津,たかつ,Takatsu
たまプラーザ,たまぷらーざ,TamaPlaza
田奈,たな,Tana
つきみ野,つきみの,Tsukimino
酒折,さかおり,Sakaori
つくし野,つくしの,Tsukushino
用賀,よが,Yoga
千鳥町,ちどりちょう,Chidoricho
西太子堂,にしたいしどう,NishiTaishido
荏原中延,えばらなかのぶ,EbaraNakanobu
五反田,ごたんだ,Gotanda
蓮沼,はすぬま,Hasunuma
旗の台,はたのだい,Hatanodai
池上,いけがみ,Ikegami
石川台,いしかわだい,IshikawaDai
蒲田,かまた,Kamata
久が原,くがはら,Kugahara
長原,ながはら,Nagahara
御嶽山,おんたけさん,Ontakesan
大崎広小路,おおさきひろこうじ,Osakihirokoji
洗足池,せんぞくいけ,SenzokuIke
戸越銀座,とごしぎんざ,TogoshiGinza
雪が谷大塚,ゆきがやおおつか,Yukigayaotsuka
こどもの国,こどものくに,Kodomonokuni
恩田,おんだ,Onda
田園調布,でんえんちょうふ,DenEnChofu
不動前,ふどうまえ,FudoMae
日吉,ひよし,Hiyoshi
元住吉,もとすみよし,Motosumiyoshi
武蔵小杉,むさしこすぎ,MusashiKosugi
武蔵小山,むさしこやま,MusashiKoyama
西小山,にしこやま,NishiKoyama
奥沢,おくさわ,Okusawa
大岡山,おおおかやま,Ookayama
洗足,せんぞく,Senzoku
新丸子,しんまるこ,ShinMaruko
多摩川,たまがわ,Tamagawa
荏原町,えばらまち,EbaraMachi
尾山台,おやまだい,Oyamadai
下神明,しもしんめい,ShimoShimmei
自由が丘,じゆうがおか,Jiyugaoka
上野毛,かみのげ,Kaminoge
北千束,きたせんぞく,KitaSenzoku
九品仏,くほんぶつ,Kuhombutsu
緑が丘,みどりがおか,Midorigaoka
中延,なかのぶ,Nakanobu
松陰神社前,しょういんじんじゃまえ,ShoinJinjaMae
等々力,とどろき,Todoroki
戸越公園,とごしこうえん,TogoshiKoen
上町,かみまち,Kamimachi
松原,まつばら,Matsubara
世田谷,せたがや,Setagaya
下高井戸,しもたかいど,ShimoTakaido
山下,やました,Yamashita
武蔵新田,むさししんでん,MusashiNitta
沼部,ぬまべ,Numabe
下丸子,しもまるこ,Shimomaruko
鵜の木,うのき,Unoki
矢口渡,やぐちのわたし,YaguchiNoWatashi
代官山,だいかんやま,DaikanYama
妙蓮寺,みょうれんじ,Myorenji
学芸大学,がくげいだいがく,GakugeiDaigaku
白楽,はくらく,Hakuraku
東白楽,ひがしはくらく,HigashiHakuraku
菊名,きくな,Kikuna
大倉山,おおくらやま,Okurayama
反町,たんまち,Tammachi
都立大学,とりつだいがく,ToritsuDaigaku
綱島,つなしま,Tsunashima
祐天寺,ゆうてんじ,Yutenji
荒川一中前,あらかわいっちゅうまえ,ArakawaItchumae
荒川七丁目,あらかわななちょうめ,ArakawaNanachome
荒川二丁目,あらかわにちょうめ,ArakawaNichome
荒川車庫前,あらかわしゃこまえ,ArakawaShakomae
荒川遊園地前,あらかわゆうえんちまえ,ArakawaYuenchimae
荒川区役所前,あらかわくやくしょまえ,Arakawakuyakushomae
飛鳥山,あすかやま,Asukayama
相模湖,さがみこ,Sagamiko
学習院下,がくしゅういんした,Gakushuinshita
東池袋四丁目,ひがしいけぶくろ4ちょうめ,HigashiIkebukuroYonchome
東尾久三丁目,ひがしおぐさんちょうめ,HigashiOguSanchome
梶原,かじわら,Kajiwara
鬼子母神前,きしぼじんまえ,Kishibojimmae
庚申塚,こうしんずか,Koshinzuka
熊野前,くまのまえ,Kumanomae
町屋駅前,まちやえきまえ,MachiyaEkimae
町屋二丁目,まちやにちょうめ,MachiyaNichome
今市,いまいち,Imaichi
三ノ輪橋,みのわばし,Minowabashi
宮ノ前,みやのまえ,Miyanomae
向原,むこはら,Mukohara
西ヶ原四丁目,にしがはらよんちょうめ,NishigaharaYonchome
小台,おだい,Odai
王子駅前,おおじえきまえ,OjiEkimae
宝町,たからちょう,Takaracho
面影橋,おもかげばし,Omokagebashi
大塚駅前,おおつかえきまえ,OtsukaEkimae
大月,おおつき,Otsuki
栄町,さかえちょう,Sakaecho
新庚申塚,しんこしんずか,ShinKoshinzuka
巣鴨新田,すがもしんでん,Sugamoshinden
滝野川一丁目,たきのがわいtちょうめ,TakinogawaItchome
岡谷,おかや,Okaya
都電雑司ヶ谷,とでんぞしがや,TodenZoshigaya
韮崎,にらさき,Nirasaki
浅草橋,あさくさばし,Asakusabashi
大門,だいもん,Daimon
東日本橋,ひがしにほんばし,HigashiNihombashi
西馬込,にしまごめ,NishiMagome
本所吾妻橋,ほんじょあずまばし,HonjoAzumabashi
蔵前,くらまえ,Kuramae
馬込,まごめ,Magome
三田,みた,Mita
押上,おしあげ,Oshiage
高輪台,たかなわだい,Takanawadai
戸越,とごし,Togoshi
白山,はくさん,Hakusan
蓮根,はすね,Hasune
板橋区役所前,いたばしくやくしょまえ,ItabashiKuyakushomae
板橋本町,いたばしほんちょう,Itabashihoncho
春日,かすが,Kasuga
本蓮沼,もとはすぬま,Motohasunuma
西巣鴨,にしすがも,NishiSugamo
西高島平,にしたかしまだいら,NishiTakashimadaira
長野原草津口,ながのはらくさつぐち,Naganoharakusatsuguchi
西台,にしだい,Nishidai
御成門,おなりもん,Onarimon
竜王,りゅうおう,Ryuo
千石,せんごく,Sengoku
芝公園,しばこえん,Shibakoen
志村坂上,しむらさかうえ,ShimuraSakaue
志村三丁目,しむらさんちょうめ,ShimuraSanchome
新板橋,しんいたばし,ShinItabashi
新高島平,しんたかしまだいら,ShinTakashimadaira
巣鴨,すがも,Sugamo
水道橋,すいどうばし,Suidobashi
光が丘,ひかりがおか,Hikarigaoka
高島平,たかしまだいら,Takashimadaira
内幸町,うちさいわいちょう,Uchisaiwaicho
足立小台,あだちおだい,AdachiOdai
赤土小学校前,あかどしょうがっこうまえ,AkadoShogakkomae
江北,こうほく,Kohoku
高野,こや,Koya
見沼代親水公園,みぬまだいしんすいこうえん,MinumadaiShinsuikoen
西新井大師西,にしあらいだいしにし,NishiaraidaishiNishi
扇大橋,おうぎおおはし,OgiOhashi
舎人公園,とねりこうえん,ToneriKoen
舎人,とねり,Toneri
谷在家,やざいけ,Yazaike
赤羽橋,あかばねばし,Akabanebashi
東中野,ひがしなかの,HigashiNakano
葛生,くず,Kuzu
勝どき,かちどき,Kachidoki
国立競技場,こくりつきょうぎじょう,KokuritsuKyogijo
森下,もりした,Morishita
練馬春日町,ねりまかすがちょう,NerimaKasugacho
西新宿五丁目,にししんじゅくごちょうめ,NishiShinjukuGochome
落合南長崎,おちあいみなみながさき,OchiaiMinamiNagasaki
両国,りょうごく,Ryogoku
新江古田,しんえごた,ShinEgota
新御徒町,しんおかちまち,ShinOkachimachi
新宿西口,しんじゅくにしぐち,ShinjukuNishiguchi
上野御徒町,うえのおかちまち,UenoOkachimachi
小淵沢,こぶちざわ,Kobuchizawa
都庁前,とちょうまえ,Tochomae
築地市場,つきじしじょう,Tsukijishijo
県,あがた,Agata
牛込神楽坂,うしごめかぐらざか,UshigomeKagurazaka
牛込柳町,うしごめやなぎちょう,UshigomeYanagicho
若松河田,わかまつかわだ,WakamatsuKawada
代々木,よよぎ,Yoyogi
曙橋,あけぼのばし,Akebonobashi
馬喰横山,ばくろよこやま,BakuroYokoyama
船堀,ふなぼり,Funabori
浜町,はまちょう,Hamacho
東大島,ひがしおおじま,HigashiOjima
一之江,いちのえ,Ichinoe
岩本町,いわもとちょう,Iwamotocho
喜多方,きたかた,Kitakata
菊川,きくかわ,Kikukawa
瑞江,みずえ,Mizue
本八幡,もとやわた,Motoyawata
西大島,にしおおじま,NishiOjima
小川町,おがわまち,Ogawamachi
大島,おおじま,Ojima
篠崎,しのざき,Shinozaki
大師前,だいしまえ,Daishimae
西新井,にしあらい,Nishiarai
足利市,あしかがし,Ashikagashi
福居,ふくい,Fukui
剛志,ごし,Goshi
花崎,はなさき,Hanasaki
穴山,あなやま,Anayama
羽生,はにゅう,Hanyu
細谷,ほそや,Hosoya
伊勢崎,いせさき,Isesaki
川俣,かわまた,Kawamata
加須,かぞ,Kazo
木崎,きざき,Kizaki
久喜,くき,Kuki
青柳,あおやぎ,Aoyagi
南羽生,みなみはにゅう,MinamiHanyu
茂林寺前,もりんじまえ,Morinjimae
坂戸,さかど,Sakado
韮川,にらがわ,Niragawa
太田,おた,Ota
境町,さかいまち,Sakaimachi
世良田,せらだ,Serada
新伊勢崎,しんいせさき,ShinIsesaki
多々良,たたら,Tatara
館林,たてばやし,Tatebayashi
東武動物公園,とうぶどうぶつこうえん,TobuDobutsuKoen
東武和泉,とうぶいずみ,TobuIzumi
和戸,わど,Wado
鷲宮,わしのみや,Washinomiya
野州山辺,やしゅうやまべ,YashuYamabe
東あずま,ひがしあずま,HigashiAzuma
曳舟,ひきふね,Hikifune
亀戸水神,かめいどすいじん,Kameidosuijin
亀戸,かめいど,Kameido
小村井,おむらい,Omurai
大谷向,だいやむこ,Daiyamuko
鬼怒川公園,きぬがわこえん,KinugawaKoen
鬼怒川温泉,きぬがわおんせん,KinugawaOnsen
小佐越,こさごえ,Kosagoe
大桑,おおくわ,Okuwa
下今市,しもいまいち,ShimoImaichi
新藤原,しんふじわら,ShinFujiwara
新高徳,しんたかとく,ShinTakatoku
東武ワールドスクウェア,とうぶわーるどすくえあ,Tobu World Square
相老,あいおい,Aioi
赤城,あかぎ,Akagi
藤野,ふじの,Fujino
阿左美,あざみ,Azami
治良門橋,じろえんばし,Jiroembashi
三枚橋,さんまいばし,Sammaibashi
新桐生,しんきりゅう,ShinKiryu
藪塚,やぶずか,Yabuzuka
東小泉,ひがしこいずみ,HigashiKoizumi
本中野,ほんなかの,HonNakano
小泉町,こいずみまち,Koizumimachi
成島,なるしま,Narushima
西小泉,にしこいずみ,NishiKoizumi
篠塚,しのずか,Shinozuka
甲府,こうふ,Kofu
竜舞,りゅうまい,Ryumai
藤岡,ふじおか,Fujioka
家中,いえなか,Ienaka
板荷,いたが,Itaga
板倉東洋大前,いたくらとうよだいまえ,ItakuraToyodaimae
上今市,かみいまいち,KamiImaichi
合戦場,かっせんば,Kassemba
北鹿沼,きたかぬま,KitaKanuma
栗橋,くりはし,Kurihashi
南栗橋,みなみくりはし,MinamiKurihashi
樅山,もみやま,Momiyama
明神,みょうじん,Myojin
楡木,にれぎ,Niregi
幸手,さって,Satte
下小代,しもごしろ,ShimoGoshiro
新鹿沼,しんかぬま,ShinKanuma
新古河,しんこが,ShinKoga
新大平下,しんおおひらした,ShinOhirashita
新栃木,しんとちぎ,ShinTochigi
静和,しずわ,Shizuwa
杉戸高野台,すぎとたかのだい,SugitoTakanodai
東武金崎,とうぶかなさき,TobuKanasaki
東武日光,とうぶにっこう,TobuNikko
栃木,とちぎ,Tochigi
柳生,やぎゅう,Yagyu
武州唐沢,ぶしゅうからさわ,BushuKarasawa
武州長瀬,ぶしゅうながせ,BushuNagase
東毛呂,ひがしもろ,HigashiMoro
一本松,いっぽんまつ,Ippommatsu
川角,かわかど,Kawakado
西大家,にしおおや,NishiOya
越生,おごせ,Ogose
堀米,ほりごめ,Horigome
みどり湖,みどりこ,Midoriko
佐野市,さのし,Sanoshi
佐野,さの,Sano
多田,ただ,Tada
田島,たじま,Tajima
田沼,たぬま,Tanuma
渡瀬,わたらせ,Watarase
長坂,ながさか,Nagasaka
吉水,よしみず,Yoshimizu
獨協大学前<草加松原>,どっきょうだいがくまえ,Dokkyodaigakumae
蒲生,がも,Gamo
五反野,ごたんの,Gotanno
東向島,ひがしむこうじま,HigashiMukojima
姫宮,ひめみや,Himemiya
堀切,ほりきり,Horikiri
一ノ割,いちのわり,Ichinowari
鐘ヶ淵,かねがふち,Kanegafuchi
春日部,かすかべ,Kasukabe
北春日部,きたかすかべ,KitaKasukabe
北越谷,きたこしがや,KitaKoshigaya
越谷,こしがや,Koshigaya
小菅,こすげ,Kosuge
大袋,おおぶくろ,Obukuro
せんげん台,せんげんだい,Sengendai
新越谷,しんこしがや,ShinKoshigaya
新田,しんでん,Shinden
草加,そうか,Soka
竹ノ塚,たけのつか,Takenotsuka
武里,たけさと,Takesato
とうきょうスカイツリー,とうきょうすかいつりー,TokyoSkytree
梅島,うめじま,Umejima
牛田,うしだ,Ushida
谷塚,やつか,Yatsuka
愛宕,あたご,Atago
江戸川台,えどがわだい,Edogawadai
藤の牛島,ふじのうしじま,FujinoUshijima
船橋,ふなばし,Funabashi
初石,はついし,Hatsuishi
東岩槻,ひがしいわつき,HigashiIwatsuki
岩槻,いわつき,Iwatsuki
鎌ヶ谷,かまがや,Kamagaya
柏,かしわ,Kashiwa
川間,かわま,Kawama
北大宮,きたおおみや,KitaOmiya
馬込沢,まごめざわ,Magomezawa
増尾,ますお,Masuo
南桜井,みなみさくらい,MinamiSakurai
六実,むつみ,Mutsumi
流山おおたかの森,ながれやまおおたかのもり,NagareyamaOtakanomori
七光台,ななこだい,Nanakodai
七里,ななさと,Nanasato
野田市,のだし,Nodashi
大宮公園,おおみやこうえん,OmiyaKoen
大宮,おおみや,Omiya
大和田,おおわだ,Owada
逆井,さかさい,Sakasai
清水公園,しみずこうえん,ShimizuKoen
新船橋,しんふなばし,ShinFunabashi
新柏,しんかしわ,ShinKashiwa
高柳,たかやなぎ,Takayanagi
豊春,とよはる,Toyoharu
豊四季,とよしき,Toyoshiki
塚田,つかだ,Tsukada
梅郷,うめさと,Umesato
運河,うんが,Unga
八木崎,やぎさき,Yagisaki
朝霞台,あさかだい,Asakadai
朝霞,あさか,Asaka
ふじみ野,ふじみの,Fujimino
鉢形,はちがた,Hachigata
東松山,ひがしまつやま,HigashiMatsuyama
上福岡,かみふくおか,KamiFukuoka
上板橋,かみいたばし,KamiItabashi
川越市,かわごえし,Kawagoeshi
川越,かわごえ,Kawagoe
北池袋,きたいけぶくろ,KitaIkebukuro
茅野,ちの,Chino
北坂戸,きたさかど,KitaSakado
みずほ台,みずほだい,Mizuhodai
武蔵嵐山,むさしらんざん,MusashiRanzan
初狩,はつかり,Hatsukari
中板橋,なかいたばし,NakaItabashi
成増,なります,Narimasu
男衾,おぶすま,Obusuma
大山,おおやま,Oyama
志木,しき,Shiki
下赤塚,しもあかつか,ShimoAkatsuka
下板橋,しもいたばし,ShimoItabashi
新河岸,しんがし,Shingashi
森林公園,しんりんこうえん,ShinrinKoen
高坂,たかさか,Takasaka
玉淀,たまよど,Tamayodo
東武練馬,とうぶねりま,TobuNerima
東武竹沢,とうぶたけざわ,TobuTakezawa
ときわ台,ときわだい,Tokiwadai
つきのわ,つきのわ,Tsukinowa
鶴ヶ島,つるがしま,Tsurugashima
鶴瀬,つるせ,Tsuruse
若葉,わかば,Wakaba
柳瀬川,やなせがわ,Yanasegawa
寄居,よりい,Yorii
江曽島,えそじま,Esojima
国谷,くにや,Kuniya
壬生,みぶ,Mibu
南宇都宮,みなみうつのみや,MinamiUtsunomiya
西川田,にしかわだ,Nishikawada
おもちゃのまち,おもちゃのまち,Omochanomachi
東武宇都宮,とうぶうつのみや,TobuUtsunomiya
野州平川,やしゅうひらかわ,YashuHirakawa
野州大塚,やしゅうおおつか,YashuOtsuka
安塚,やすずか,Yasuzuka
塩山,えんざん,Enzan
富士見,ふじみ,Fujimi
東山梨,ひがしやまなし,HigashiYamanashi
黒川,くろかわ,Kurokawa
日野春,ひのはる,Hinoharu
石和温泉,いさわおんせん,IsawaOnsen
甲斐大和,かいやまと,KaiYamato
長後,ちょうご,Chogo
藤沢本町,ふじさわほんまち,FujisawaHommachi
藤沢,ふじさわ,Fujisawa
東林間,ひがしりんかん,HigashiRinkan
本鵠沼,ほんくげぬま,HonKugenuma
片瀬江ノ島,かたせえのしま,KataseEnoshima
高座渋谷,こうざしぶや,KozaShibuya
鵠沼海岸,くげぬまかいがん,KugenumaKaigan
南林間,みなみりんかん,MinamiRinkan
六会日大前,むつあいにちだいまえ,MutsuaiNichidaiMae
相模大野,さがみおおの,SagamiOno
桜ヶ丘,さくらがおか,Sakuragaoka
湘南台,しょうなんだい,Shonandai
鶴間,つるま,Tsuruma
大和,やまと,Yamato
善行,ぜんぎょう,Zengyo
愛甲石田,あいこういしだ,AikoIshida
足柄,あしがら,Ashigara
厚木,あつぎ,Atsugi
千歳船橋,ちとせふなばし,ChitoseFunabashi
海老名,えびな,Ebina
豪徳寺,ごうとくじ,Gotokuji
秦野,はだの,Hadano
東北沢,ひがしきたざわ,HigashiKitazawa
本厚木,ほんあつぎ,HonAtsugi
螢田,ほたるだ,Hotaruda
生田,いくた,Ikuta
伊勢原,いせはら,Isehara
和泉多摩川,いずみたまがわ,IzumiTamagawa
開成,かいせい,Kaisei
柿生,かきお,Kakio
栢山,かやま,Kayama
喜多見,きたみ,Kitami
狛江,こまえ,Komae
経堂,きょうどう,Kyodo
町田,まちだ,Machida
南新宿,みなみしんじゅく,MinamiShinjuku
向ヶ丘遊園,むこうがおかゆうえん,MukogaokaYuen
登戸,のぼりと,Noborito
小田急相模原,おだきゅうさがみはら,OdakyuSagamihara
小田原,おだわら,Odawara
参宮橋,さんぐうばし,Sangubashi
成城学園前,せいじょうがくえんまえ,SeijogakuenMae
世田谷代田,せたがやだいた,SetagayaDaita
渋沢,しぶさわ,Shibusawa
下北沢,しもきたざわ,ShimoKitazawa
新松田,しんまつだ,ShinMatsuda
新百合ヶ丘,しんゆりがおか,ShinYurigaoka
春日居町,かすがいちょう,Kasugaicho
相武台前,そぶだいまえ,SobudaiMae
祖師ヶ谷大蔵,そしがやおおくら,SoshigayaOkura
玉川学園前,たまがわがくえんまえ,TamagawagakuenMae
東海大学前,とうかいだいがくまえ,TokaidaigakuMae
上諏訪,かみすわ,KamiSuwa
富水,とみず,Tomizu
鶴川,つるかわ,Tsurukawa
鶴巻温泉,つるまきおんせん,TsurumakiOnsen
梅ヶ丘,うめがおか,Umegaoka
読売ランド前,よみうりらんどまえ,Yomiuri Land Mae
代々木八幡,よよぎはちまん,YoyogiHachiman
百合ヶ丘,ゆりがおか,Yurigaoka
座間,ざま,Zama
はるひ野,はるひの,Haruhino
唐木田,からきだ,Karakida
栗平,くりひら,Kurihira
小田急永山,おだきゅうながやま,OdakyuNagayama
小田急多摩センター,おだきゅうたませんたー,Odakyu Tama Center
五月台,さつきだい,Satsukidai
勝沼ぶどう郷,かつぬまぶどうきょう,Katsunumabudokyo
川岸,かわぎし,Kawagishi
猿橋,さるはし,Saruhashi
笹子,ささご,Sasago
下諏訪,しもすわ,ShimoSuwa
新府,しんぷ,Shimpu
信濃川島,しなのかわしま,ShinanoKawashima
信濃境,しなのさかい,ShinanoSakai
塩尻,しおじり,Shiojiri
四方津,しおつ,Shiotsu
塩崎,しおざき,Shiozaki
すずらんの里,すずらんのさと,Suzurannosato
高尾,たかお,Takao
辰野,たつの,Tatsuno
鳥沢,とりさわ,Torisawa
上野原,うえのはら,Uenohara
山梨市,やまなしし,Yamanashishi
梁川,やながわ,Yanagawa
阿佐ケ谷,あさがや,Asagaya
八王子,はちおうじ,Hachioji
国立,くにたち,Kunitachi
東小金井,ひがしこがねい,HigashiKoganei
日野,ひの,Hino
吉祥寺,きちじょうじ,Kichijoji
伊東,いとう,Ito
高円寺,こうえんじ,Koenji
三鷹,みたか,Mitaka
武蔵小金井,むさしこがねい,MusashiKoganei
網代,あじろ,Ajiro
西八王子,にしはちおおじ,NishiHachioji
平井,ひらい,Hirai
西国分寺,にしこくぶんじ,NishiKokubunji
西荻窪,にしおぎくぼ,NishiOgikubo
大金,おおがね,Ogane
新前橋,しんまえばし,ShimMaebashi
立川,たちかわ,Tachikawa
豊田,とよだ,Toyoda
千葉,ちば,Chiba
東船橋,ひがしふなばし,HigashiFunabashi
市川,いちかわ,Ichikawa
稲毛,いなげ,Inage
鹿沼,かぬま,Kanuma
小岩,こいわ,Koiwa
幕張本郷,まくはりほんごう,Makuharihongo
日光,にっこう,Nikko
幕張,まくはり,Makuhari
本八幡,もとやわた,MotoYawata
西千葉,にしちば,NishiChiba
下野花岡,しもつけはなおか,ShimotsukeHanaoka
十王,じゅうおう,Juo
大久保,おおくぼ,Okubo
千駄ケ谷,せんだがや,Sendagaya
滝,たき,Taki
下総中山,しもうさなかやま,ShimosaNakayama
新検見川,しんけみがわ,ShinKemigawa
新小岩,しんこいわ,ShinKoiwa
信濃町,しなのまち,Shinanomachi
津田沼,つだぬま,Tsudanuma
群馬藤岡,ぐんまふじおか,GummaFujioka
熱海,あたみ,Atami
箱根ケ崎,はこねがさき,Hakonegasaki
東福生,ひがしふっさ,HigashiFussa
金子,かねこ,Kaneko
北藤岡,きたふじおか,KitaFujioka
北八王子,きたはちおおじ,KitaHachioji
児玉,こだま,Kodama
高麗川,こまがわ,Komagawa
小宮,こみや,Komiya
倉賀野,くらがの,Kuragano
松久,まつひさ,Matsuhisa
毛呂,もろ,Moro
明覚,みょうかく,Myokaku
折原,おりはら,Orihara
高崎,たかさき,Takasaki
竹沢,たけざわ,Takezawa
丹荘,たんしょう,Tansho
用土,よど,Yodo
伊豆多賀,いずたが,IzuTaga
来宮,きのみや,Kinomiya
宇佐美,うさみ,Usami
秋川,あきがわ,Akigawa
東秋留,ひがしあきる,HigashiAkiru
熊川,くまがわ,Kumagawa
武蔵引田,むさしひきだ,MusashiHikida
武蔵五日市,むさしいつかいち,MusashiItsukaichi
武蔵増戸,むさしますこ,MusashiMasuko
赤塚,あかつか,Akatsuka
荒川沖,あらかわおき,Arakawaoki
藤代,ふじしろ,Fujishiro
双葉,ふたば,Futaba
浜吉田,はまよしだ,Hamayoshida
原ノ町,はらのまち,Haranomachi
羽鳥,はとり,Hatori
広野,ひろの,Hirono
久ノ浜,ひさのはま,Hisanohama
常陸多賀,ひたちたが,HitachiTaga
ひたち野うしく,ひたちのうしく,Hitachinoushiku
日立,ひたち,Hitachi
石岡,いしおか,Ishioka
磯原,いそはら,Isohara
磐城太田,いわきおおた,IwakiOta
いわき,いわき,Iwaki
岩間,いわま,Iwama
岩沼,いわぬま,Iwanuma
下野大沢,しもつけおおさわ,ShimotsukeOsawa
泉,いずみ,Izumi
偕楽園,かいらくえん,Kairakuen
神立,かんだつ,Kandatsu
鹿島,かしま,Kashima
勝田,かつた,Katsuta
木戸,きど,Kido
鶴田,つるた,Tsuruta
駒ケ嶺,こまがみね,Komagamine
草野,くさの,Kusano
南中郷,みなみなかご,MinamiNakago
南仙台,みなみせんだい,MinamiSendai
水戸,みと,Mito
桃内,ももうち,Momouchi
長町,ながまち,Nagamachi
勿来,なこそ,Nakoso
浪江,なみえ,Namie
名取,なとり,Natori
日立木,にったき,Nittaki
小高,おだか,Odaka
小木津,おぎつ,Ogitsu
逢隈,おおくま,Okuma
宇都宮,うつのみや,Utsunomiya
大甕,おおみか,Omika
大野,おの,Ono
大津港,おおつこう,Otsuko
坂元,さかもと,Sakamoto
佐貫,さぬき,Sanuki
佐和,さわ,Sawa
仙台,せんだい,Sendai
南小谷,みなみおたり,MinamiOtari
新地,しんち,Shinchi
相馬,そうま,Soma
末続,すえつぎ,Suetsugi
太子堂,たいしどう,Taishido
高萩,たかはぎ,Takahagi
高浜,たかはま,Takahama
館腰,たてこし,Tatekoshi
岩舟,いわふね,Iwafune
竜田,たつた,Tatsuta
東海,とうかい,Tokai
富岡,とみおか,Tomioka
友部,ともべ,Tomobe
取手,とりで,Toride
土浦,つちうら,Tsuchiura
内郷,うちご,Uchigo
岩宿,いわじゅく,Iwajuku
内原,うちはら,Uchihara
植田,うえだ,Ueda
牛久,うしく,Ushiku
亘理,わたり,Watari
夜ノ森,よのもり,Yonomori
四ツ倉,よつくら,Yotsukura
桐生,きりゅう,Kiryu
湯本,ゆもと,Yumoto
十二橋,じゅうにきょう,Junikyo
我孫子,あびこ,Abiko
亀有,かめあり,Kameari
金町,かなまち,Kanamachi
北柏,きたかしわ,KitaKashiwa
北小金,きたこがね,KitaKogane
北松戸,きたまつど,KitaMatsudo
馬橋,まばし,Mabashi
南柏,みなみかしわ,MinamiKashiwa
新松戸,しんまつど,ShimMatsudo
三河島,みかわしま,Mikawashima
天王台,てんのだい,Tennodai
駒形,こまがた,Komagata
宝積寺,ほうしゃくじ,Hoshakuji
烏山,からすやま,Karasuyama
小塙,こばな,Kobana
鴻野山,このやま,Konoyama
仁井田,にいた,Niita
潮来,いたこ,Itako
鹿島サッカースタジアム,かしまさっかーすたじあむ,Kashima Soccer Stadium
鹿島神宮,かしまじんぐう,Kashimajingu
香取,かとり,Katori
延方,のぶかた,Nobukata
佐原,さわら,Sawara
笠幡,かさはた,Kasahata
的場,まとば,Matoba
武蔵高萩,むさしたかはぎ,MusashiTakahagi
西川越,にしかわごえ,NishiKawagoe
赤羽,あかばね,Akabane
祗園,ぎおん,Gion
浜松町,はままつちょう,Hamamatsucho
東十条,ひがしじゅうじょう,HigashiJujo
東神奈川,ひがしかながわ,HigashiKanagawa
本郷台,ほんごうだい,Hongodai
石川町,いしかわちょう,Ishikawacho
磯子,いそご,Isogo
上中里,かみなかざと,KamiNakazato
関内,かんない,Kannai
川口,かわぐち,Kawaguchi
国定,くにさだ,Kunisada
川崎,かわさき,Kawasaki
北浦和,きたうらわ,KitaUrawa
港南台,こうなんだい,Konandai
南浦和,みなみうらわ,MinamiUrawa
根岸,ねぎし,Negishi
西川口,にしかわぐち,NishiKawaguchi
大船,おおふな,Ofuna
御徒町,おかちまち,Okachimachi
大森,おおもり,Omori
さいたま新都心,さいたましんとしん,SaitamaShintoshin
桜木町,さくらぎちょう,Sakuragicho
新子安,しんこやす,ShinKoyasu
新杉田,しんすぎた,ShinSugita
田端,たばた,Tabata
田町,たまち,Tamachi
鶴見,つるみ,Tsurumi
鶯谷,うぐいすだに,Uguisudani
浦和,うらわ,Urawa
蕨,わらび,Warabi
山手,やまて,Yamate
洋光台,よこだい,Yokodai
与野,よの,Yono
千葉みなと,ちばみなと,Chibaminato
越中島,えっちゅうじま,Etchujima
二俣新町,ふたまたしんまち,Futamatashimmachi
前橋大島,まえばしおおしま,Maebashioshima
市川塩浜,いちかわしおはま,Ichikawashiohama
稲毛海岸,いなげかいがん,Inagekaigan
海浜幕張,かいひんまくはり,Kaihimmakuhari
葛西臨海公園,かさいりんかいこうえん,Kasairinkaikoen
検見川浜,けみがわはま,Kemigawahama
舞浜,まいはま,Maihama
南船橋,みなみふなばし,MinamiFunabashi
新習志野,しんならしの,ShinNarashino
新浦安,しんうらやす,ShinUrayasu
潮見,しおみ,Shiomi
蘇我,そが,Soga
東清川,ひがしきよかわ,HigashiKiyokawa
東横田,ひがしよこた,HigashiYokota
平山,ひらやま,Hirayama
上総亀山,かずさかめやま,KazusaKameyama
上総清川,かずさきよかわ,KazusaKiyokawa
上総松丘,かずさまつおか,KazusaMatsuoka
木更津,きさらず,Kisarazu
久留里,くるり,Kururi
馬来田,まくた,Makuta
小櫃,おびつ,Obitsu
下郡,しもごり,Shimogori
俵田,たわらだ,Tawarada
横田,よこた,Yokota
府中本町,ふちゅうほんまち,Fuchuhommachi
船橋法典,ふなばしほうてん,Funabashihoten
東川口,ひがしかわぐち,HigashiKawaguchi
東所沢,ひがしところざわ,HigashiTokorozawa
矢野口,やのくち,Yanokuchi
東浦和,ひがしうらわ,HigashiUrawa
市川大野,いちかわおの,Ichikawaono
北朝霞,きたあさか,KitaAsaka
北府中,きたふちゅう,KitaFuchu
越谷レイクタウン,こしがやれいくたうん,Koshigaya Laketown
南越谷,みなみこしがや,MinamiKoshigaya
前橋,まえばし,Maebashi
南流山,みなみながれやま,MinamiNagareyama
三郷,みさと,Misato
武蔵浦和,むさしうらわ,MusashiUrawa
新座,にいざ,Niiza
大平下,おおひらした,Ohirashita
西浦和,にしうらわ,NishiUrawa
新三郷,しんみさと,ShimMisato
新秋津,しんあきつ,ShinAkitsu
新小平,しんこだいら,ShinKodaira
久住,くずみ,Kuzumi
新八柱,しんやはしら,ShinYahashira
吉川美南,よしかわみなみ,Yoshikawaminami
吉川,よしかわ,Yoshikawa
分倍河原,ぶばいがわら,Bubaigawara
平間,ひらま,Hirama
稲田堤,いなだずつみ,Inadazutsumi
稲城長沼,いなぎながぬま,Inaginaganuma
鹿島田,かしまだ,Kashimada
久地,くじ,Kuji
南多摩,みなみたま,MinamiTama
向河原,むかいがわら,Mukaigawara
武蔵溝ノ口,むさしみぞのくち,MusashiMizonokuchi
武蔵中原,むさしなかはら,MusashiNakahara
武蔵新城,むさししんじょう,MusashiShinjo
中野島,なかのしま,Nakanoshima
西国立,にしくにたち,NishiKunitachi
西府,にしふ,Nishifu
尻手,しって,Shitte
宿河原,しゅくがわら,Shukugawara
津田山,つだやま,Tsudayama
矢川,やがわ,Yagawa
谷保,やほ,Yaho
矢向,やこう,Yako
浜川崎,はまかわさき,HamaKawasaki
八丁畷,はっちょうなわて,Hatchonawate
川崎新町,かわさきしんまち,Kawasakishimmachi
小田栄,おださかえ,Odasakae
銚子,ちょうし,Choshi
松岸,まつぎし,Matsugishi
滑河,なめがわ,Namegawa
成田,なりた,Narita
小見川,おみがわ,Omigawa
大戸,おおと,Oto
佐倉,さくら,Sakura
笹川,ささがわ,Sasagawa
椎柴,しいしば,Shiishiba
下総神崎,しもうさこざき,ShimosaKozaki
下総橘,しもうさたちばな,ShimosaTachibana
下総豊里,しもうさとよさと,ShimosaToyosato
酒々井,しすい,Shisui
水郷,すいごう,Suigo
安食,あじき,Ajiki
新木,あらき,Araki
布佐,ふさ,Fusa
東我孫子,ひがしあびこ,HigashiAbiko
木下,きおろし,Kioroshi
小林,こばやし,Kobayashi
湖北,こほく,Kohoku
下総松崎,しもうさまんざき,ShimosaManzaki
文挟,ふばさみ,Fubasami
昭島,あきしま,Akishima
福生,ふっさ,Fussa
二俣尾,ふたまたお,Futamatao
羽村,はむら,Hamura
鳩ノ巣,はとのす,Hatonosu
東中神,ひがしなかがみ,HigashiNakagami
東青梅,ひがしおうめ,HigashiOme
日向和田,ひなたわだ,Hinatawada
軍畑,いくさばた,Ikusabata
石神前,いしがみまえ,Ishigamimae
河辺,かべ,Kabe
川井,かわい,Kawai
古里,こり,Kori
御嶽,みたけ,Mitake
宮ノ平,みやのひら,Miyanohira
中神,なかがみ,Nakagami
西立川,にしたちかわ,NishiTachikawa
奥多摩,おくたま,OkuTama
青梅,おうめ,Ome
小作,おざく,Ozaku
小俣,おまた,Omata
沢井,さわい,Sawai
白丸,しろまる,Shiromaru
牛浜,うしはま,Ushihama
あしかがフラワーパーク,あしかがふらわーぱーく,Ashikaga Flower Park
足利,あしかが,Ashikaga
井野,いの,Ino
思川,おもいがわ,Omoigawa
小山,おやま,Oyama
高崎問屋町,たかさきんやまち,Takasakitonyamachi
富田,とみた,Tomita
山前,やままえ,Yamamae
番田,ばんだ,Banda
茅ケ崎,ちがさき,Chigasaki
黒磯,くろいそ,Kuroiso
原当麻,はらたいま,Harataima
橋本,はしもと,Hashimoto
門沢橋,かどさわばし,Kadosawabashi
香川,かがわ,Kagawa
上溝,かみみぞ,Kamimizo
北茅ケ崎,きたちがさき,KitaChigasaki
倉見,くらみ,Kurami
南橋本,みなみはしもと,MinamiHashimoto
宮山,みややま,Miyayama
寒川,さむかわ,Samukawa
社家,しゃけ,Shake
下溝,しもみぞ,Shimomizo
相武台下,そぶだいした,Sobudaishita
北与野,きたよの,KitaYono
板橋,いたばし,Itabashi
十条,じゅうじょう,Jujo
北赤羽,きたあかばね,KitaAkabane
北戸田,きたとだ,KitaToda
南古谷,みなみふるや,MinamiFuruya
南与野,みなみよの,MinamiYono
中浦和,なかうらわ,NakaUrawa
西大宮,にしおおみや,NishiOmiya
日進,にっしん,Nisshin
戸田,とだ,Toda
指扇,さしおぎ,Sashiogi
戸田公園,とだこうえん,TodaKoen
浮間舟渡,うきまふなど,Ukimafunado
与野本町,よのほんまち,YonoHommachi
松本,まつもと,Matsumoto
東戸塚,ひがしとつか,HigashiTotsuka
日向,ひゅうが,Hyuga
保土ケ谷,ほどがや,Hodogaya
西大井,にしおおい,NishiOi
新川崎,しんかわさき,ShinKawasaki
戸塚,とつか,Totsuka
飯倉,いいぐら,Iigura
旭,あさひ,Asahi
榎戸,えのきど,Enokido
東千葉,ひがしちば,HigashiChiba
干潟,ひがた,Higata
飯岡,いいおか,Iioka
倉橋,くらはし,Kurahashi
松尾,まつお,Matsuo
南酒々井,みなみしすい,MinamiShisui
物井,ものい,Monoi
成東,なるとう,Naruto
猿田,さるだ,Saruda
都賀,つが,Tsuga
八街,やちまた,Yachimata
八日市場,ようかいちば,Yokaichiba
横芝,よこしば,Yokoshiba
四街道,よつかいどう,Yotsukaido
馬喰町,ばくろちょう,Bakurocho
安房鴨川,あわかもがわ,AwaKamogawa
新日本橋,しんにほんばし,ShinNihombashi
安房天津,あわあまつ,AwaAmatsu
安房小湊,あわこみなと,AwaKominato
長者町,ちょうじゃまち,Chojamachi
本千葉,ほんちば,HonChiba
誉田,ほんだ,Honda
本納,ほんのう,Honno
鎌取,かまとり,Kamatori
勝浦,かつうら,Katsuura
上総一ノ宮,かずさいちのみや,KazusaIchinomiya
上総興津,かずさおきつ,KazusaOkitsu
三門,みかど,Mikado
茂原,もばら,Mobara
永田,ながた,Nagata
行川アイランド,なめがわあいらんど,Namegawa Island
浪花,なみはな,Namihana
大網,おおあみ,Oami
大原,おおはら,Ohara
御宿,おんじゅく,Onjuku
新茂原,しんもばら,ShimMobara
太東,たいとう,Taito
土気,とけ,Toke
東浪見,とらみ,Torami
鵜原,うばら,Ubara
八積,やつみ,Yatsumi
会津若松,あいずわかまつ,AizuWakamatsu
上尾,あげお,Ageo
大川,おおかわ,Okawa
深谷,ふかや,Fukaya
吹上,ふきあげ,Fukiage
行田,ぎょうだ,Gyoda
本庄,ほんじょう,Honjo
神保原,じんぼはら,Jimbohara
籠原,かごはら,Kagohara
北上尾,きたあげお,KitaAgeo
北鴻巣,きたこうのす,KitaKonosu
北本,きたもと,Kitamoto
鴻巣,こうのす,Konosu
熊谷,くまがや,Kumagaya
宮原,みやはら,Miyahara
岡部,おかべ,Okabe
桶川,おけがわ,Okegawa
尾久,おく,Oku
新町,しんまち,Shimmachi
東金,とうがね,Togane
福俵,ふくたわら,Fukutawara
求名,ぐみょう,Gumyo
早川,はやかわ,Hayakawa
平塚,ひらつか,Hiratsuka
鴨宮,かものみや,Kamonomiya
国府津,こうず,Kozu
真鶴,まなずる,Manazuru
根府川,ねぶかわ,Nebukawa
二宮,にのみや,Ninomiya
大磯,おおいそ,Oiso
辻堂,つじどう,Tsujido
湯河原,ゆがわら,Yugawara
安善,あんぜん,Anzen
浅野,あさの,Asano
弁天橋,べんてんばし,Bentembashi
国道,こくどう,Kokudo
武蔵白石,むさししらいし,MusashiShiraishi
扇町,おうぎまち,Ogimachi
新芝浦,しんしばうら,ShinShibaura
昭和,しょうわ,Showa
鶴見小野,つるみおおの,Tsurumiono
海芝浦,うみしばうら,UmiShibaura
姉ケ崎,あねがさき,Anegasaki
青堀,あおほり,Aohori
安房勝山,あわかつやま,AwaKatsuyama
千倉,ちくら,Chikura
千歳,ちとせ,Chitose
江見,えみ,Emi
太海,ふとみ,Futomi
五井,ごい,Goi
浜金谷,はまかなや,HamaKanaya
浜野,はまの,Hamano
保田,ほた,Hota
岩井,いわい,Iwai
巌根,いわね,Iwane
上総湊,かずさみなと,KazusaMinato
君津,きみつ,Kimitsu
九重,ここのえ,Kokonoe
南三原,みなみはら,Minamihara
長浦,ながうら,Nagaura
那古船形,なこふなかた,Nakofunakata
大貫,おおぬき,Onuki
佐貫町,さぬきまち,Sanukimachi
袖ケ浦,そでがうら,Sodegaura
竹岡,たけおか,Takeoka
館山,たてやま,Tateyama
富浦,とみうら,Tomiura
和田浦,わだうら,Wadaura
八幡宿,やわたじゅく,Yawatajuku
蓮田,はすだ,Hasuda
東大宮,ひがしおおみや,HigashiOmiya
東鷲宮,ひがしわしのみや,HigashiWashinomiya
石橋,いしばし,Ishibashi
自治医大,じちいだい,Jichiidai
蒲須坂,かますさか,Kamasusaka
片岡,かたおか,Kataoka
小金井,こがねい,Koganei
古河,こが,Koga
間々田,ままだ,Mamada
那須塩原,なすしおばら,Nasushiobara
西那須野,にしなすの,NishiNasuno
野木,のぎ,Nogi
野崎,のざき,Nozaki
岡本,おかもと,Okamoto
新白岡,しんしらおか,ShinShiraoka
白岡,しらおか,Shiraoka
雀宮,すずめのみや,Suzumenomiya
土呂,とろ,Toro
氏家,うじいえ,Ujiie
目白,めじろ,Mejiro
矢板,やいた,Yaita
原宿,はらじゅく,Harajuku
大塚,おおつか,Otsuka
新大久保,しんおおくぼ,ShinOkubo
相原,あいはら,Aihara
淵野辺,ふちのべ,Fuchinobe
八王子みなみ野,はちおおじみなみの,Hachiojiminamino
鴨居,かもい,Kamoi
片倉,かたくら,Katakura
古淵,こぶち,Kobuchi
小机,こずくえ,Kozukue
中山,なかやま,Nakayama
成瀬,なるせ,Naruse
大口,おおぐち,Oguchi
相模原,さがみはら,Sagamihara
新横浜,しんよこはま,ShinYokohama
十日市場,とおかいちば,Tokaichiba
矢部,やべ,Yabe
東逗子,ひがしずし,HigashiZushi
鎌倉,かまくら,Kamakura
衣笠,きぬがさ,Kinugasa
北鎌倉,きたかまくら,KitaKamakura
久里浜,くりはま,Kurihama
田浦,たうら,Taura
横須賀,よこすか,Yokosuka
逗子,ずし,Zushi
高幡不動,たかはたふどう,Takahatafudo
多摩動物公園,たまどうぶつこうえん,TamaDobutsukoen
永福町,えいふくちょう,Eifukucho
富士見ヶ丘,ふじみがおか,Fujimigaoka
浜田山,はまだやま,Hamadayama
東松原,ひがしまつばら,HigashiMatsubara
池ノ上,いけのうえ,Ikenoue
井の頭公園,いのかしらこうえん,InokashiraKoen
駒場東大前,こまばとうだいまえ,KomabaTodaimae
久我山,くがやま,Kugayama
明大前,めいだいまえ,Meidaimae
三鷹台,みたかだい,Mitakadai
西永福,にしえいふく,NishiEifuku
新代田,しんだいた,Shindaita
神泉,しんせん,Shinsen
高井戸,たかいど,Takaido
府中競馬正門前,ふちゅけいばせいもっまえ,FuchukeibaSeimommae
東府中,ひがしふちゅう,HigashiFuchu
千歳烏山,ちとせからすやま,ChitoseKarasuyama
調布,ちょうふ,Chofu
代田橋,だいたばし,Daitabashi
府中,ふちゅう,Fuchu
布田,ふだ,Fuda
八幡山,はちまんやま,HachimanYama
平山城址公園,ひらやまじょうしこうえん,HirayamajoshiKoen
上北沢,かみきたざわ,KamiKitazawa
京王八王子,けいおうはちおじ,KeioHachioji
北野,きたの,Kitano
国領,こくりょう,Kokuryo
南平,みなみだいら,Minamidaira
百草園,もぐさえん,Mogusaen
武蔵野台,むさしのだい,Musashinodai
長沼,ながぬま,Naganuma
中河原,なかがわら,Nakagawara
西調布,にしちょうふ,NishiChofu
芦花公園,ろかこうえん,RokaKoen
桜上水,さくらじょうすい,Sakurajosui
笹塚,ささずか,Sasazuka
聖蹟桜ヶ丘,せいせきさくらがおか,SeisekiSakuragaoka
仙川,せんがわ,Sengawa
柴崎,しばさき,Shibasaki
多磨霊園,たまれいえん,TamaReien
飛田給,とびたきゅう,Tobitakyu
つつじヶ丘,つつじがおか,Tsutsujigaoka
幡ヶ谷,はたがや,Hatagaya
初台,はつだい,Hatsudai
稲城,いなぎ,Inagi
京王堀之内,けいおうほりのうち,KeioHorinouchi
京王稲田堤,けいおういなだずつみ,KeioInadazutsumi
京王永山,けいおうながやま,KeioNagayama
京王多摩センター,けいおうたませんたー,Keio Tama Center
京王多摩川,けいおうたまがわ,KeioTamagawa
京王よみうりランド,けいおうよみうりらんど,Keio Yomiuri Land
南大沢,みなみおおさわ,MinamiOsawa
多摩境,たまさかい,Tamasakai
若葉台,わかばだい,Wakabadai
狭間,はざま,Hazama
京王片倉,けいおうかたくら,KeioKatakura
めじろ台,めじろだい,Mejirodai
高尾山口,たかおさんぐち,Takaosanguchi
山田,やまだ,Yamada
